record_num,ground_truth,consensus_correct,trend_trust,pattern_trust,anomaly_trust
0,False,True,1.0,1.0,1.0
1,True,True,1.0,0.9750000000000001,1.0
2,True,True,1.0,0.9441666666666667,1.0
3,True,True,1.0,0.92475,1.0
4,True,True,1.0,0.912275,1.0
5,True,True,1.0,0.8960474999999999,1.0
6,False,True,0.9928571428571429,0.8850141785714285,1.0
7,False,True,0.9873214285714286,0.8777627607142857,1.0
8,False,True,0.9830337301587302,0.8733198179761905,1.0
9,False,True,0.9797303571428572,0.8709878361785715,1.0
10,True,False,0.9726664123376624,0.8657072343788961,1.0
11,False,True,0.9628997711038961,0.8624698442743398,1.0
12,True,True,0.955071332455045,0.8569920906161367,1.0
13,False,False,0.9452784849238263,0.8498643101259515,1.0
14,True,True,0.9374173030981103,0.8448778791133564,1.0
15,True,True,0.9311755727882993,0.8385150912020208,1.0
16,False,True,0.9233521331565283,0.8340753467877011,1.0
17,False,True,0.9171280309519866,0.8312233676644867,1.0
18,True,True,0.9122573331199458,0.8270483993190907,1.0
19,False,True,0.9060315998079512,0.8243435593871817,1.0
20,False,True,0.9011427255414418,0.8228615844008446,1.0
21,False,True,0.897392089350934,0.8223936077789419,1.0
22,False,True,0.8946094021549711,0.8227629426532216,1.0
23,False,True,0.892648461939474,0.8238199817212328,1.0
24,False,True,0.8913836157455266,0.8254379835491097,1.0
25,False,True,0.8907067926325124,0.8275095698095833,1.0
26,False,True,0.8905250022581501,0.8299437980138102,1.0
27,False,True,0.8907582163180494,0.832663703926715,1.0
28,False,True,0.8913375671000376,0.8356042300857676,1.0
29,True,True,0.8922038103900338,0.8387104737438575,1.0
30,False,True,0.8933060099961918,0.8419362005630202,1.0
31,False,True,0.8946004089965727,0.8452425805067182,1.0
32,False,True,0.8960494590060064,0.8485971103348343,1.0
33,False,True,0.8976209836936411,0.851972693418998,1.0
34,False,True,0.8992874567528484,0.8553468526485268,1.0
35,False,True,0.9010253777442302,0.8587010562725631,1.0
36,False,True,0.902814731861699,0.862020139834496,1.0
37,True,True,0.9046385218334239,0.8652918100615727,1.0
38,False,True,0.9052003106757225,0.8685062187990052,1.0
39,False,True,0.9059302796081503,0.8716555969191047,1.0
40,False,True,0.9068006662814816,0.8747339396662186,1.0
41,True,True,0.9077872663200002,0.8765462599853111,1.0
42,False,True,0.9077062141066048,0.8784265177077102,1.0
43,False,True,0.9078446836050352,0.8803565932096664,1.0
44,False,True,0.9081713263556429,0.8823209338886998,1.0
45,False,True,0.9086585415461657,0.8843062318041777,1.0
46,False,True,0.9092820490936767,0.8863011405386536,1.0
47,False,True,0.9100205108509757,0.8882960264847883,1.0
48,False,True,0.9108551944597557,0.8902827503669217,1.0
49,True,True,0.9117696750137801,0.8922544753302295,1.0
50,False,True,0.9127495702575001,0.8942054983854418,1.0
51,False,True,0.9137823055394425,0.8961311023930515,1.0
52,True,True,0.9148569051741775,0.8970840298895953,1.0
53,False,True,0.9150378813234264,0.8981163676413766,1.0
54,False,True,0.9153522750092656,0.8992138217863299,1.0
55,False,True,0.9157813332226248,0.9003638681791255,1.0
56,False,True,0.916308463058257,0.9015555515366516,1.0
57,False,True,0.9169189960627762,0.902779306727814,1.0
58,False,True,0.9175999778124309,0.9040267997838463,1.0
59,True,True,0.9183399800311878,0.9052907864721284,1.0
60,False,True,0.9191289328477412,0.9065649865134401,1.0
61,False,True,0.9199579750468381,0.9078439717330639,1.0
62,False,True,0.9208193203992971,0.9091230666232496,1.0
63,False,True,0.9217061383593675,0.9103982599609246,1.0
64,False,True,0.9226124476003539,0.9108968955032938,1.0
65,False,True,0.9235330210221366,0.9114738726196311,1.0
66,False,True,0.9244633010094753,0.9121175301337874,1.0
67,True,True,0.9253993238497042,0.912817541826291,1.0
68,True,True,0.9263376523342991,0.9135647731509083,1.0
69,False,True,0.926561029958012,0.9143511529786748,1.0
70,True,False,0.9261584480889714,0.9144653334554552,1.0
71,False,True,0.9252092699467409,0.9146854667765764,1.0
72,False,True,0.9244691648698751,0.914997742016727,1.0
73,True,True,0.9239141402747795,0.9153898597069463,1.0
74,False,False,0.9228560595806349,0.915184207069585,1.0
75,False,True,0.922017822043624,0.9151131547836792,1.0
76,True,True,0.9213744813977032,0.9151602808637529,1.0
77,False,True,0.9202626742835739,0.9153109194440443,1.0
78,True,True,0.9193756473615456,0.9155519793983741,1.0
79,True,True,0.9186880826253911,0.9152467814585368,1.0
80,False,True,0.9181772990542101,0.9150801280040411,1.0
81,False,True,0.9178229837829354,0.9150355298377834,1.0
82,False,True,0.9176069504648828,0.915098241914246,1.0
83,True,True,0.9175129220850612,0.9152550843894881,1.0
84,False,True,0.9169381004647904,0.9154942818328923,1.0
85,False,True,0.9165233601857532,0.915223923417045,1.0
86,True,True,0.9162503345120055,0.9150808414201681,1.0
87,False,True,0.9155343919698959,0.9150500300054241,1.0
88,False,True,0.9149921887279626,0.9151180607127468,1.0
89,False,True,0.9146040809662775,0.9152729213081389,1.0
90,False,True,0.9143524640784411,0.9155038709355667,1.0
91,True,True,0.914221565496684,0.915257831668097,1.0
92,True,True,0.9141972584093813,0.9145922635550507,1.0
93,True,True,0.9142668942705707,0.9140904840080564,1.0
94,False,True,0.9138928364224611,0.9137340671861981,1.0
95,False,True,0.9136493861135484,0.9129856604675783,1.0
96,True,True,0.9135215609042554,0.9124087439053566,1.0
97,False,True,0.912985731344442,0.9119841960454332,1.0
98,False,True,0.9125962491190888,0.9116948673499808,1.0
99,False,True,0.9123366242071799,0.9115253806149828,1.0
100,True,False,0.9116970211924025,0.9109669019594251,1.0
101,False,True,0.9107233975045348,0.9105564862732866,1.0
102,False,True,0.9099423198900036,0.9102775366750842,1.0
103,True,True,0.9093327032856187,0.9101151676229604,1.0
104,False,True,0.9083994329570568,0.9100560318130453,1.0
105,False,True,0.9076538292839926,0.9100881644807974,1.0
106,False,True,0.9070753622434439,0.9102008433598205,1.0
107,False,True,0.9066456037968773,0.9103844627275421,1.0
108,False,True,0.9063480158942538,0.9106304201245128,1.0
109,False,True,0.9061677597593739,0.9109310144756979,1.0
110,False,True,0.9060915243239771,0.9112793544695696,1.0
111,False,True,0.9061073718915795,0.9116692761654699,1.0
112,True,True,0.9062045993041915,0.911652791026799,1.0
113,False,True,0.9059350165667548,0.9117155820995577,1.0
114,False,True,0.905776297518775,0.9114135891069933,1.0
115,True,True,0.9057159091462079,0.911220506058363,1.0
116,True,True,0.9057426088298778,0.9111240964781677,1.0
117,False,True,0.9054225852350256,0.9111133817456052,1.0
118,True,True,0.9052164611653046,0.9107583460920531,1.0
119,True,True,0.9051114817154409,0.9105158448161811,1.0
120,True,False,0.904682978171996,0.9099601281031581,1.0
121,False,True,0.9039687787154522,0.9095378857846456,1.0
122,False,True,0.9034092992178908,0.9092345037102461,1.0
123,False,True,0.9029877241348114,0.9086336339843828,1.0
124,True,True,0.9026889517213302,0.9081702705859446,1.0
125,False,True,0.9021025962317369,0.9078294340035407,1.0
126,True,True,0.9016561161361224,0.9075976717055487,1.0
127,False,True,0.9009436295225102,0.9074629045349938,1.0
128,False,True,0.9003841502911893,0.9074142885000991,1.0
129,False,True,0.8999611198774551,0.9074420904193199,1.0
130,False,True,0.8996596643782593,0.9075375760338765,1.0
131,True,True,0.8994664252131606,0.9073141214607919,1.0
132,False,True,0.8989934669023709,0.9071842130741112,1.0
133,False,True,0.8986463590181041,0.9071374335577449,1.0
134,True,True,0.8984113527459233,0.9071644309427113,1.0
135,False,True,0.8979084527654486,0.907256811377852,1.0
136,True,True,0.8975336658830644,0.9070420791451762,1.0
137,True,False,0.8969107340773667,0.9065552625350064,1.0
138,False,True,0.8960685815329394,0.9061875060656784,1.0
139,True,True,0.895390294808217,0.9059258983162535,1.0
140,True,False,0.8945037475968989,0.9054042304704437,1.0
141,False,True,0.8934336545273499,0.9050046524938219,1.0
142,False,True,0.8925518275361534,0.90471397745423,1.0
143,False,True,0.8918383114492048,0.9045203574865848,1.0
144,False,True,0.8912751699594568,0.9044131493241332,1.0
145,True,True,0.8908462831004974,0.9043827932958295,1.0
146,False,True,0.8901970289401075,0.904420704442437,1.0
147,True,True,0.8896908395596104,0.904519174538734,1.0
148,True,True,0.889312359630495,0.9046712839304982,1.0
149,True,True,0.8890477903341122,0.9045374888707818,1.0
150,False,True,0.8888847331550056,0.9044810909770812,1.0
151,False,True,0.8888120493131892,0.9044935081951626,1.0
152,False,True,0.8888197332707592,0.9045670331926399,1.0
153,True,True,0.8888987989047223,0.9046947454577916,1.0
154,False,False,0.888718596433605,0.9045478515571738,1.0
155,False,True,0.8886287880722957,0.9044776817860718,1.0
156,False,True,0.8886194124497796,0.9044757734800761,1.0
157,True,True,0.8886815218377131,0.9042180695497901,1.0
158,True,True,0.8888070803457657,0.9040478349218551,1.0
159,True,True,0.8889888723111892,0.9039555514296697,1.0
160,False,True,0.889220419862679,0.9039326670941561,1.0
161,True,True,0.8894959087406087,0.9036628571748639,1.0
162,False,True,0.8895033730812718,0.9034806205371322,1.0
163,False,True,0.889577426017047,0.9033764609224434,1.0
164,False,True,0.8897105925062515,0.903038814830199,1.0
165,True,True,0.8898961597616505,0.9024939694917574,1.0
166,False,True,0.8898286994741083,0.9020649318240188,1.0
167,False,True,0.8898339247647927,0.9017393910225694,1.0
168,False,True,0.8899037867261833,0.9015062803226793,1.0
169,False,True,0.8900310551123886,0.9013556522904114,1.0
170,True,False,0.8899168384900387,0.9009861689327153,1.0
171,False,True,0.8895879453387093,0.9007131334347926,1.0
172,True,True,0.8893574745042604,0.9002371958138567,1.0
173,True,True,0.8892148305021103,0.8998686486462641,1.0
174,False,True,0.8888647760233279,0.8995960694959235,1.0
175,False,True,0.8886146620573587,0.8994091898190584,1.0
176,True,True,0.8884537608233742,0.8992987793117289,1.0
177,False,True,0.8880915308084525,0.8992565418299941,1.0
178,True,True,0.8878298637611268,0.8989956921162685,1.0
179,False,True,0.8873802107183475,0.898818345126864,1.0
180,False,True,0.8870399797017614,0.8987155161390394,1.0
181,True,True,0.8867975201931237,0.8984044040855751,1.0
182,False,True,0.88636913429403,0.8981814500158154,1.0
183,False,True,0.8860474382559314,0.8977654789272774,1.0
184,False,True,0.8858210728087166,0.8974483904940092,1.0
185,False,True,0.8856798257428986,0.8972196804768663,1.0
186,True,True,0.8856145169654002,0.8968025252634043,1.0
187,True,True,0.8856168950560943,0.8964839748647235,1.0
188,False,True,0.8854149939102733,0.8962535667962406,1.0
189,True,True,0.885294547150825,0.8961018943271428,1.0
190,False,True,0.8852467678284127,0.8960205007059469,1.0
191,True,True,0.8852637577122382,0.8957413673020189,1.0
192,True,True,0.8853384182104445,0.895286401556273,1.0
193,False,True,0.8852066382450702,0.8949330191326045,1.0
194,True,True,0.8851475128821017,0.8946704864501133,1.0
195,False,True,0.8848980677163405,0.8944891520908163,1.0
196,True,True,0.8847331340411533,0.8941265312979783,1.0
197,True,True,0.8846436590208764,0.8938552923095946,1.0
198,False,True,0.8843702478926581,0.8936657429781326,1.0
199,False,True,0.8841832231033924,0.8935491686803194,1.0
200,True,False,0.8838246022855905,0.8932489781804468,1.0
201,False,True,0.8833134291857443,0.8930329912534912,1.0
202,True,True,0.8829131207499286,0.8926459482857776,1.0
203,False,False,0.8823669067141514,0.8921068436532783,1.0
204,False,True,0.8819350940915167,0.8916766470928285,1.0
205,False,True,0.881605662352268,0.8913439338398563,1.0
206,False,True,0.8813678014310509,0.8908568834510397,1.0
207,False,True,0.881211790518715,0.8902327335674742,1.0
208,False,True,0.8811288889788053,0.88972620662221,1.0
209,False,True,0.8811112381761629,0.8893250145314175,1.0
210,True,False,0.8809148063016745,0.888781138670693,1.0
211,False,True,0.8805591747281108,0.8883464210300388,1.0
212,False,True,0.8802966844853468,0.8880094315091946,1.0
213,False,True,0.8801174833265317,0.8877598902274341,1.0
214,True,True,0.8800127117380646,0.8875885523674814,1.0
215,False,True,0.8797429220457397,0.8874871045381407,1.0
216,True,True,0.8795566482743454,0.8874480715036815,1.0
217,False,True,0.8792156623459935,0.8874647322432216,1.0
218,True,True,0.8789653289881064,0.8873027339047442,1.0
219,False,True,0.8785687960892958,0.8872088241506334,1.0
220,False,True,0.8782684775663392,0.8871757245409999,1.0
221,False,True,0.878054242422318,0.8871968908256387,1.0
222,True,True,0.8779169796150638,0.8870422241645994,1.0
223,False,True,0.8776252816535575,0.8869540731767109,1.0
224,True,True,0.8774183090437573,0.8869253325257065,1.0
225,False,True,0.877065858670355,0.8869496134324278,1.0
226,True,True,0.8768042067240244,0.8870211719129737,1.0
227,False,True,0.8764044878060079,0.8871348441953605,1.0
228,True,True,0.8761002835668918,0.8872859885967851,1.0
229,False,True,0.875664168253681,0.8874704332153674,1.0
230,False,True,0.8753271886577502,0.8876844288548698,1.0
231,False,True,0.8750789525505959,0.887924606659038,1.0
232,False,True,0.8749101130895278,0.8881879399845506,1.0
233,False,True,0.8748122641737375,0.8882580348749844,1.0
234,True,True,0.874777846267002,0.888368401600252,1.0
235,True,True,0.8748000616403018,0.8885146122876845,1.0
236,False,True,0.8746618276281704,0.8886926869238949,1.0
237,True,True,0.8745906028485466,0.8886889644499929,1.0
238,False,True,0.8743700362875414,0.888732201896207,1.0
239,False,True,0.8742246993254539,0.8888173150399197,1.0
240,False,True,0.8741466277331575,0.8889397329135211,1.0
241,True,True,0.8741286591747178,0.8888887348287806,1.0
242,True,True,0.874164352928028,0.8886829889179191,1.0
243,False,True,0.8740429996024384,0.8885441982228485,1.0
244,False,True,0.8739856384177048,0.8884652886046454,1.0
245,False,True,0.8739854485596742,0.888439897955563,1.0
246,False,True,0.8740362964162574,0.8884623049211403,1.0
247,False,True,0.8741326667746316,0.888527364751607,1.0
248,False,True,0.8742696009003813,0.8886304515696191,1.0
249,True,True,0.8744426408103432,0.8885674064126572,1.0
250,False,True,0.8746477791197471,0.8885552872853357,1.0
251,True,True,0.8748814139061851,0.8883902347472784,1.0
252,False,True,0.8749426796301912,0.8882863891381633,1.0
253,False,True,0.8750468368640225,0.8880404273897013,1.0
254,False,True,0.8751892120011497,0.8878638356311234,1.0
255,False,True,0.8753656033010349,0.887749327068011,1.0
256,False,True,0.87557223363241,0.8874957951394201,1.0
257,True,True,0.8758057079435876,0.8873121070983463,1.0
258,False,True,0.8758699247940165,0.8871909349985503,1.0
259,False,True,0.8759752400069226,0.8871256876525415,1.0
260,False,True,0.876117179607763,0.8871104368949503,1.0
261,False,True,0.8762917211889715,0.8871398512207225,1.0
262,True,True,0.8764952486898463,0.8870190219921864,1.0
263,False,True,0.8765351177602556,0.8869534834293314,1.0
264,True,True,0.8766174550408339,0.8869373803694172,1.0
265,True,True,0.8767376644239686,0.8869654468437537,1.0
266,True,True,0.876891613337377,0.8870329471031986,1.0
267,False,True,0.8768890191678184,0.8871356225421325,1.0
268,False,True,0.8769324592584715,0.8872696439310419,1.0
269,False,True,0.8770169911104022,0.8874315684268267,1.0
270,False,True,0.8771381702281443,0.8876183008830371,1.0
271,False,True,0.8772920002641534,0.8878270590300275,1.0
272,False,True,0.877474888149826,0.8880553421380137,1.0
273,False,True,0.8776836037144055,0.8881184210628985,1.0
274,False,True,0.8779152433429649,0.8880338516838815,1.0
275,True,True,0.878167197269538,0.8879985824575223,1.0
276,False,True,0.8782566147266997,0.8880073884716979,1.0
277,False,True,0.8783805935417996,0.8880555704878375,1.0
278,False,True,0.8785353657288383,0.8881389023279427,1.0
279,False,True,0.8787175434416687,0.8882535835237199,1.0
280,False,True,0.8789240809124486,0.8883961967015971,1.0
281,True,True,0.8791522401970902,0.8883863642654799,1.0
282,False,True,0.8792228819017628,0.8884169857894619,1.0
283,False,True,0.8793287627256711,0.8884837379147411,1.0
284,False,True,0.8794660618917005,0.8884072939478284,1.0
285,False,True,0.8796313438144185,0.8883777533642343,1.0
286,False,True,0.8798215195375063,0.8883901522438388,1.0
287,False,True,0.8800338120282002,0.8884400259083438,1.0
288,False,True,0.8802657249430272,0.8885233589576479,1.0
289,False,True,0.8805150145176901,0.8886365403032624,1.0
290,False,True,0.8807796642686703,0.888776322699053,1.0
291,False,True,0.8810578622253649,0.8889397863195587,1.0
292,False,True,0.8813479804396884,0.8891243059811182,1.0
293,False,True,0.8816485565453794,0.8893275216415099,1.0
294,False,True,0.881958277162028,0.8895473118502403,1.0
295,False,True,0.8822759629593387,0.8896128509354865,1.0
296,True,True,0.8826005552155934,0.8897088048991769,1.0
297,False,True,0.8827633184859804,0.8898318841408029,1.0
298,True,True,0.8829485250989209,0.8899791305093314,1.0
299,False,True,0.8829870059223621,0.890147884125065,1.0
300,True,False,0.8828942853965711,0.8901696405630569,1.0
301,True,True,0.8828498899694969,0.8900599612749632,1.0
302,True,False,0.8826837128537353,0.8898328430352558,1.0
303,True,True,0.8825732363052039,0.8896653482054144,1.0
304,False,True,0.8823486995599295,0.8895512724012665,1.0
305,True,True,0.8821857250287731,0.8893216353572183,1.0
306,True,True,0.8820779017115635,0.8889888203556984,1.0
307,False,False,0.8818571245274203,0.8885639642941545,1.0
308,False,True,0.8816973020423158,0.8882188947255805,1.0
309,True,True,0.8815920879671164,0.887784102027216,1.0
310,False,True,0.8815357730610801,0.8874301291235298,1.0
311,False,True,0.8815232213959978,0.8871486546727153,1.0
312,False,True,0.8815498129944173,0.8869321917613544,1.0
313,True,True,0.8816113922045298,0.8867740044323528,1.0
314,False,False,0.8815454910793149,0.8865093024018159,1.0
315,True,True,0.8815238533637885,0.886307739250242,1.0
316,False,True,0.8813840863239396,0.8861627697416217,1.0
317,False,True,0.8812959921569544,0.8859112726416734,1.0
318,False,True,0.8812541672359299,0.8857213992960014,1.0
319,False,True,0.8812537505123369,0.8855867593664013,1.0
320,False,True,0.8812903692305737,0.8855016036789823,1.0
321,False,True,0.8813600900714914,0.8854607600812705,1.0
322,False,True,0.8814593751819894,0.8854595757140103,1.0
323,True,True,0.881585042602062,0.8854938650561895,1.0
324,True,True,0.8817342306495481,0.8855598631659553,1.0
325,True,True,0.881904365866802,0.8855008093646971,1.0
326,False,True,0.8819402289743115,0.8854828385199706,1.0
327,False,True,0.8820084011988315,0.8855016278387052,1.0
328,False,True,0.8821054334193739,0.8855532887630414,1.0
329,False,True,0.8822282234107699,0.8856343235231009,1.0
330,False,True,0.8823739811301159,0.8857415860348391,1.0
331,False,True,0.8825401974749356,0.8858722467084637,1.0
332,False,True,0.8827246161658805,0.886023760776356,1.0
333,False,True,0.882925208441508,0.8860441391897385,1.0
334,True,True,0.8831401502839245,0.8860964416886752,1.0
335,True,False,0.8832189923983892,0.8860284641864744,1.0
336,True,True,0.8833243928618144,0.8860012854236133,1.0
337,False,True,0.8833055630430886,0.8860106243368733,1.0
338,False,True,0.88332308933465,0.8860526297497937,1.0
339,False,True,0.8833731333423614,0.8861238373630496,1.0
340,False,True,0.8834522422955153,0.8862211310460995,1.0
341,True,True,0.8835573104636247,0.8861955091695597,1.0
342,True,True,0.8836855444318396,0.886059923267181,1.0
343,False,True,0.8836890830119115,0.885971372800928,1.0
344,False,True,0.8837259718121696,0.8857800326222844,1.0
345,True,True,0.8837926809893342,0.8856413357184375,1.0
346,False,True,0.8837419431497668,0.8855498246249799,1.0
347,False,True,0.8837298178003075,0.8855005892889187,1.0
348,False,True,0.8837522514930561,0.8854892123084509,1.0
349,False,True,0.8838055977723219,0.8855117196490343,1.0
350,False,True,0.8838865764566283,0.8855645362881195,1.0
351,True,True,0.8839922369927836,0.8855024008411257,1.0
352,False,True,0.8839782824153184,0.8854790729383163,1.0
353,True,True,0.8839985332698317,0.8854904876783829,1.0
354,False,True,0.8839085390977781,0.8855329882063192,1.0
355,False,True,0.8838603818172138,0.8856032848913054,1.0
356,True,True,0.8838496937755485,0.8856984185870488,1.0
357,False,True,0.8837328808225746,0.8858157275663328,1.0
358,True,True,0.8836604283949133,0.885813541996329,1.0
359,False,True,0.8834888299998664,0.8858432989078072,1.0
360,False,True,0.8833670938142842,0.885901628296805,1.0
361,False,True,0.883290052941143,0.8859854986162958,1.0
362,False,True,0.8832530586663125,0.8860921829144459,1.0
363,False,True,0.8832519286238572,0.8862192283592651,1.0
364,True,True,0.8832829001450331,0.8863644288110099,1.0
365,False,True,0.8832059762507484,0.8865258001375592,1.0
366,False,True,0.8831687573722675,0.8867015579984627,1.0
367,True,True,0.8831670990263452,0.8868900978507903,1.0
368,False,True,0.8830617712375318,0.8870899769546002,1.0
369,False,True,0.8829988373570219,0.8872998981780591,1.0
370,True,False,0.882839115346387,0.8873839245327599,1.0
371,False,True,0.8825928382203505,0.8874896181009894,1.0
372,False,True,0.8824032594921493,0.8876146509289602,1.0
373,False,True,0.8822645378210092,0.8877569291515722,1.0
374,False,True,0.8821714173722417,0.887781236236415,1.0
375,False,True,0.8821191692520388,0.8878328998468161,1.0
376,False,True,0.8821035387989835,0.8879090263077579,1.0
377,True,True,0.8821206981465984,0.888007012565871,1.0
378,False,True,0.8820352774084558,0.8881245171140333,1.0
379,False,True,0.8819896444044523,0.8882594338236827,1.0
380,False,True,0.8819796563419599,0.8884098683940703,1.0
381,False,True,0.882001585995722,0.8885741171567576,1.0
382,True,True,0.8820520801376641,0.8886200996969565,1.0
383,False,True,0.8819979137905644,0.8886903813939276,1.0
384,False,True,0.8819799405933262,0.8887823822155738,1.0
385,False,True,0.8819943817671543,0.888893781299716,1.0
386,False,True,0.8820378376472864,0.8890224910250416,1.0
387,False,True,0.8821072497588465,0.8891666336751148,1.0
388,True,True,0.8821998666852754,0.8893245204361381,1.0
389,True,True,0.8823132133500813,0.8894946324950884,1.0
390,True,False,0.8823171861327203,0.8895477267903367,1.0
391,False,True,0.882223222621489,0.889623566356201,1.0
392,False,True,0.8821688392906378,0.8897197338936089,1.0
393,False,True,0.8821499249047212,0.8897071513671921,1.0
394,False,True,0.8821627805155149,0.8897237780026249,1.0
395,False,True,0.8822040782215391,0.889766551717514,1.0
396,False,True,0.8822708240517781,0.8898327177044528,1.0
397,False,True,0.8823603245611732,0.8899197976928015,1.0
398,True,True,0.88247015676671,0.8900255622844236,1.0
399,False,True,0.882473141090039,0.8901480060559813,1.0
400,False,True,0.8825051287266711,0.8902853251511313,1.0
401,True,True,0.8825630735654468,0.8903115190041775,1.0
402,False,True,0.8825201657126243,0.8903622529598392,1.0
403,False,True,0.8825107233987877,0.8903111761787068,1.0
404,False,True,0.8825312559971805,0.8902924042398486,1.0
405,False,True,0.8825786230082999,0.8903025726828588,1.0
406,False,True,0.8826499990367083,0.8902158043580619,1.0
407,False,True,0.8827428422702924,0.8901648121575498,1.0
408,False,True,0.8828548661117229,0.8901458859540198,1.0
409,True,True,0.882984013646892,0.890033736383008,1.0
410,False,True,0.8831284346666312,0.8899598031340016,1.0
411,True,True,0.8832864649863759,0.8897987742769121,1.0
412,False,True,0.8833355424586826,0.8896808823213759,1.0
413,False,True,0.8834077853142637,0.8896016829781273,1.0
414,False,True,0.8835007417225964,0.889557177330917,1.0
415,False,True,0.8836122060118753,0.8895437672901331,1.0
416,False,True,0.8837401940437812,0.8895582155011678,1.0
417,True,True,0.8838829210508865,0.8894779920371755,1.0
418,True,True,0.884038781690428,0.8894323408048184,1.0
419,True,True,0.8842063320928137,0.8894176781529081,1.0
420,False,True,0.8843842737053851,0.889430779696287,1.0
421,False,True,0.8845714387519081,0.8894687443806868,1.0
422,True,True,0.8847667771462209,0.889410758831507,1.0
423,False,True,0.8848514201863158,0.8893847772879789,1.0
424,True,True,0.8849545134618019,0.8893874760297693,1.0
425,False,False,0.8849567146977813,0.8892984936850084,1.0
426,False,True,0.8849856333919376,0.8892445225366481,1.0
427,True,True,0.8850384719219028,0.8891051170119553,1.0
428,False,True,0.884996163191251,0.8890057941219487,1.0
429,False,True,0.8849849189651492,0.8889424240120793,1.0
430,False,True,0.8850015082751308,0.8889112906595953,1.0
431,True,True,0.8850430241142844,0.8887933097417839,1.0
432,True,True,0.88510685103311,0.8885975815389682,1.0
433,False,False,0.8850754286026101,0.8883322934311544,1.0
434,False,True,0.8850736328687859,0.8881197537432114,1.0
435,False,True,0.8850983796736505,0.8878398884606333,1.0
436,True,True,0.8851468941090315,0.8874998355413435,1.0
437,True,True,0.8852166795839731,0.8871060163707708,1.0
438,True,True,0.8853054899854846,0.8866642074443999,1.0
439,False,True,0.8852976682596635,0.8862932412454144,1.0
440,True,False,0.885203275583357,0.8858725339009184,1.0
441,False,True,0.885031364314614,0.8855205746284737,1.0
442,True,True,0.8849029457161098,0.8851175013642719,1.0
443,True,True,0.8848135520453998,0.8847814269035204,1.0
444,False,True,0.8846468035824329,0.8845055314041795,1.0
445,False,True,0.8845229303990775,0.8842836778153311,1.0
446,True,True,0.8844375277394829,0.8841103435908451,1.0
447,False,True,0.8842750249655347,0.8839805592317606,1.0
448,False,True,0.8841548721349055,0.8838898529745087,1.0
449,True,True,0.8840727182547483,0.8837230898992801,1.0
450,False,True,0.8840246482031094,0.8835991179381769,1.0
451,False,True,0.8840071391350109,0.8835135424275451,1.0
452,False,True,0.8840170212479999,0.8834624089353424,1.0
453,False,True,0.8840514424712176,0.8834421592312355,1.0
454,False,True,0.8841078366856343,0.8834495916597602,1.0
455,False,True,0.8841838951223341,0.8834818254762404,1.0
456,True,True,0.8842775406210417,0.8835362687491853,1.0
457,True,True,0.8843869044628677,0.8836105894725201,1.0
458,True,True,0.884510305519849,0.8835937571047888,1.0
459,False,True,0.8845375358374293,0.8836039466117012,1.0
460,True,False,0.8844785761799336,0.8835298860069303,1.0
461,False,True,0.8843424068736286,0.8834885857179257,1.0
462,False,True,0.8842450992316222,0.8834766601914895,1.0
463,True,True,0.8841826582739772,0.8834910631378579,1.0
464,True,True,0.884151489220773,0.8834215267165452,1.0
465,True,True,0.8841483574660778,0.8833840950749337,1.0
466,False,True,0.8840632861734314,0.8833754500214017,1.0
467,False,True,0.8840116584107892,0.8832857682671248,1.0
468,False,True,0.8839900234865546,0.8832301125491544,1.0
469,False,True,0.8839952764570481,0.8832049736346645,1.0
470,False,True,0.8840246235459506,0.8832071938932787,1.0
471,False,True,0.8840755510218641,0.8832339321310696,1.0
472,False,True,0.8841457971881767,0.8832826319412186,1.0
473,False,True,0.8842333271740004,0.8832455079876032,1.0
474,False,True,0.8843363102460741,0.8831314835046323,1.0
475,False,True,0.8844530993895339,0.8830536292718162,1.0
476,True,True,0.8845822129306644,0.8830082244159134,1.0
477,False,True,0.8846177154869703,0.882991920802774,1.0
478,False,True,0.8846736892409872,0.8830017057579873,1.0
479,False,True,0.8847479869835553,0.8830348685155219,1.0
480,False,True,0.8848386768506884,0.8830889700215581,1.0
481,False,True,0.8849440207838769,0.8831618157579915,1.0
482,False,True,0.8850624551444126,0.8832514312836416,1.0
483,False,True,0.885192573266335,0.8833560402213931,1.0
484,False,True,0.8853331097541346,0.8834740444466765,1.0
485,True,True,0.8854829263507377,0.883604006257153,1.0
486,False,True,0.8855383298142265,0.883744632325483,1.0
487,True,True,0.8856115460131317,0.8838947592568691,1.0
488,False,True,0.8855984486715323,0.8840533405908959,1.0
489,False,True,0.8856100323758076,0.8842194351032349,1.0
490,False,True,0.8856437338225446,0.8843921962772291,1.0
491,True,True,0.885697246619152,0.8844692368121078,1.0
492,False,True,0.8856670757097723,0.8845618668834325,1.0
493,False,True,0.8856631211752324,0.8846684332315266,1.0
494,False,True,0.8856826676435678,0.8847874484942324,1.0
495,False,True,0.885723271846953,0.8849175746125512,1.0
496,False,True,0.8857827354067245,0.8850576078957628,1.0
497,False,True,0.8858590803399476,0.8852064655800821,1.0
498,True,True,0.8859505270153717,0.8853631737314928,1.0
499,False,True,0.8859554743138346,0.8855268563583435,1.0
500,True,False,0.8858828809742676,0.8855969252135272,1.0
501,False,True,0.8857408080162832,0.8856826510188678,1.0
502,False,True,0.885635912105311,0.8857823779646947,1.0
503,True,True,0.8855643843868435,0.8857954100094951,1.0
504,False,True,0.8854237875323175,0.8858297303946843,1.0
505,False,True,0.8853201439569514,0.8858831209915795,1.0
506,False,True,0.8852496680227947,0.8859535860127371,1.0
507,False,True,0.8852089531890192,0.8860393297736682,1.0
508,False,True,0.8851949340980151,0.8861387366784232,1.0
509,False,True,0.8852048524529195,0.8862503532066593,1.0
510,True,False,0.8851383789493106,0.886275024343919,1.0
511,False,True,0.8850034473043795,0.8863193969095271,1.0
512,False,True,0.8849046620281327,0.8863814143335841,1.0
513,True,True,0.8848383203389382,0.8864592262076187,1.0
514,False,True,0.8847040028681512,0.8865511676645268,1.0
515,False,True,0.884605695604592,0.8866557408205548,1.0
516,False,True,0.8845397101833978,0.8867715980731221,1.0
517,False,True,0.8845027275820465,0.8868010019723737,1.0
518,False,True,0.8844917611822234,0.8868492254745582,1.0
519,False,True,0.8845041235255395,0.8868181490809486,1.0
520,False,True,0.884537396393715,0.8868119579732376,1.0
521,False,True,0.8845894038807802,0.8868280801835768,1.0
522,False,True,0.8846581881580942,0.8868642014195213,1.0
523,False,True,0.8847419876628955,0.8868228194455081,1.0
524,False,True,0.8848392174680346,0.886807204167624,1.0
525,False,True,0.8849484516147673,0.8868146966786183,1.0
526,True,True,0.8850684072123038,0.8868429044301114,1.0
527,False,True,0.8851032331577402,0.8868896745931609,1.0
528,False,True,0.8851562368741023,0.8869530700828051,1.0
529,True,True,0.8852255188470695,0.887031347980185,1.0
530,True,False,0.8852152080169765,0.8870287781539179,1.0
531,False,True,0.885133536839339,0.8870477048498043,1.0
532,False,True,0.8850817216169437,0.8870858987175444,1.0
533,True,True,0.885056695522665,0.8871413537896102,1.0
534,True,True,0.8850556988675948,0.8871188071956959,1.0
535,True,True,0.8850762483838204,0.8871196130432906,1.0
536,False,True,0.8850229997093118,0.8871413575117735,1.0
537,True,True,0.8849965361696074,0.8871818686007448,1.0
538,False,True,0.8849013352428136,0.887239191944752,1.0
539,False,True,0.8848371276444581,0.887311569046573,1.0
540,False,True,0.8848007346582009,0.8873974176872023,1.0
541,True,True,0.8847892958787277,0.8874030633723566,1.0
542,False,True,0.8847081563461036,0.8874288712155999,1.0
543,True,True,0.8846564583585521,0.8874727487999223,1.0
544,True,True,0.884631179495174,0.8875328133694714,1.0
545,False,False,0.8845380249156201,0.887515795768788,1.0
546,False,True,0.8844754472869466,0.8875210717677777,1.0
547,False,True,0.884440311317376,0.8875463368537737,1.0
548,False,True,0.8844297956683342,0.8875895173760466,1.0
549,True,True,0.8844413615560462,0.8875578383657148,1.0
550,False,True,0.8844727244930006,0.8875497859266025,1.0
551,False,True,0.8845218288552947,0.8875629232759712,1.0
552,True,True,0.8845868249932733,0.8875046417982837,1.0
553,True,True,0.8846660486311302,0.887472589170802,1.0
554,False,True,0.8846679122364857,0.8874640689924606,1.0
555,False,True,0.8846903296459306,0.887386726841416,1.0
556,False,True,0.8847311710080881,0.8873374616976694,1.0
557,False,True,0.8847885198571002,0.8873133929472573,1.0
558,False,True,0.8848606517712112,0.8873119284289179,1.0
559,False,True,0.8849460151655186,0.8873307355860262,1.0
560,False,True,0.885043214005473,0.8873677155033594,1.0
561,False,True,0.8851509922490538,0.8874209795402122,1.0
562,False,True,0.8852682198447523,0.8874888283002229,1.0
563,True,True,0.8853938801297807,0.8875697327042432,1.0
564,True,False,0.8854385629132628,0.8875738213807216,1.0
565,True,True,0.8854989469046222,0.8875973579705646,1.0
566,False,True,0.8854852074169819,0.8876383276408804,1.0
567,False,True,0.8854930247034527,0.8876949174120036,1.0
568,True,True,0.885520172145234,0.8877654959695731,1.0
569,True,True,0.8855646461587807,0.8878485954954229,1.0
570,False,True,0.8856246438896627,0.8879428953154078,1.0
571,True,True,0.8856985431370601,0.8879597945950559,1.0
572,True,False,0.8856976242509282,0.8879072706329325,1.0
573,True,True,0.8857167120000514,0.8878796097717299,1.0
574,False,True,0.8856667799304812,0.887874257490209,1.0
575,False,True,0.8856417686040998,0.8878889150745215,1.0
576,True,True,0.8856391168736726,0.8878348589223553,1.0
577,False,True,0.8855700148748867,0.8878056982896353,1.0
578,True,True,0.8855276938709904,0.8877988763017771,1.0
579,False,True,0.8854232003459603,0.8878120921198752,1.0
580,False,True,0.8853490386590407,0.887843275334738,1.0
581,False,True,0.8853021073017278,0.8878905629215391,1.0
582,False,True,0.885279615267953,0.887952278499025,1.0
583,False,True,0.8852790510014317,0.8880269136628212,1.0
584,False,True,0.8852981544482971,0.888113111185428,1.0
585,False,True,0.8853348919044912,0.8881243256641549,1.0
586,False,True,0.8853874333784373,0.8881534603890512,1.0
587,False,True,0.8854541322174643,0.8881986585678332,1.0
588,False,True,0.8855335067716092,0.8882582494173318,1.0
589,True,True,0.8856242238910585,0.8883307295603444,1.0
590,True,False,0.8856404817049984,0.8883301439139547,1.0
591,False,True,0.8855899470480122,0.8883484808739106,1.0
592,False,True,0.8855638359857068,0.8883837845571773,1.0
593,True,True,0.8855596409393247,0.8884342949903484,1.0
594,False,True,0.8854910718033755,0.8884984285165237,1.0
595,False,True,0.885448676032434,0.8885747601615157,1.0
596,True,True,0.8854297715782693,0.8886620077634546,1.0
597,True,True,0.8854319449221146,0.8886754056493166,1.0
598,True,True,0.8854530242195526,0.888706028690395,1.0
599,False,True,0.8854077217975974,0.8887520924880221,1.0
600,False,True,0.885386084393212,0.888811991392298,1.0
601,True,True,0.8853856819339573,0.888801224146756,1.0
602,True,True,0.8854043276709098,0.8887270718813342,1.0
603,False,False,0.8853572723872625,0.8885960865475053,1.0
604,True,True,0.885333941842751,0.8884968084712672,1.0
605,True,True,0.8853319007937895,0.8883434972611042,1.0
606,False,True,0.8852665855084798,0.8882241392977616,1.0
607,False,True,0.885226769062895,0.8881352779995644,1.0
608,False,True,0.8852098392830423,0.8880738027447639,1.0
609,False,True,0.8852134455186725,0.8880369142735662,1.0
610,False,True,0.8852354724889002,0.888022093549974,1.0
611,True,True,0.8852740167432782,0.887945374391055,1.0
612,True,True,0.8853273654767807,0.8878131534282954,1.0
613,False,False,0.885312544238549,0.8876311866196678,1.0
614,False,True,0.8853178751805477,0.8874859541365628,1.0
615,True,True,0.8853412824676877,0.8872925535281013,1.0
616,False,True,0.8852998608659757,0.8871370420974954,1.0
617,False,True,0.8852812016402195,0.8870155708974546,1.0
618,False,True,0.8852829683905756,0.8869246761663522,1.0
619,False,True,0.8853030586482924,0.8868612408077815,1.0
620,False,True,0.8853395804807256,0.8868224597221724,1.0
621,True,True,0.8853908314358685,0.8867254227531707,1.0
622,False,True,0.8853750227706123,0.8866564117780141,1.0
623,False,True,0.8853791871602177,0.8866125654720076,1.0
624,False,True,0.8854012684441959,0.886591308924807,1.0
625,True,True,0.8854394163601597,0.8865903249971825,1.0
626,False,True,0.885412221135627,0.8866075285421214,1.0
627,False,True,0.8854060308691981,0.8866410432038329,1.0
628,False,True,0.8854186869237728,0.8866891805368677,1.0
629,False,True,0.8854482468028242,0.8867504212133398,1.0
630,True,False,0.885413723231892,0.8867441588067444,1.0
631,False,True,0.8853217179973105,0.8867564517868295,1.0
632,False,True,0.8852571607315447,0.8867853879667563,1.0
633,False,True,0.885217249074794,0.8868292466464214,1.0
634,False,True,0.8851994611751888,0.8868077393046139,1.0
635,False,True,0.8852015276362862,0.8868062106571714,1.0
636,False,True,0.8852214062698319,0.8868226068599,1.0
637,False,True,0.8852572593732563,0.8867767098102737,1.0
638,False,True,0.8853074332794361,0.8867531859340977,1.0
639,False,True,0.8853704399514924,0.886749742340688,1.0
640,False,True,0.8854449404181216,0.8867643156885225,1.0
641,False,True,0.885529729865406,0.8867950492287047,1.0
642,False,True,0.8856237242194563,0.8868402721440923,1.0
643,False,True,0.8857259480708026,0.8868984809545278,1.0
644,True,True,0.885835523806358,0.8869683227815557,1.0
645,False,False,0.8858742624473941,0.886971180905877,1.0
646,True,True,0.8859267125550504,0.8869912189203898,1.0
647,False,True,0.8859142882131256,0.8870266649295854,1.0
648,False,True,0.885920702226944,0.8870759244766885,1.0
649,False,True,0.8859440166196343,0.8871375627982505,1.0
650,False,True,0.8859824874615111,0.8872102888532949,1.0
651,True,True,0.8860345454638263,0.8872162538329961,1.0
652,True,True,0.8860987785131558,0.8871623160454085,1.0
653,False,False,0.8860974633529717,0.8870546471319992,1.0
654,True,True,0.8861136712161478,0.88689880073941,1.0
655,False,True,0.8860693772652648,0.8867759938362008,1.0
656,True,True,0.886046914424583,0.8866067658376644,1.0
657,False,True,0.8859680588483861,0.8864719251201594,1.0
658,False,True,0.8859145003080088,0.8863679799526047,1.0
659,False,True,0.8858836563378141,0.8862917880179504,1.0
660,False,True,0.885873202958193,0.8862405214703157,1.0
661,False,True,0.8858810488255158,0.8862116354864262,1.0
662,False,True,0.885905311967097,0.8862028399619164,1.0
663,False,True,0.8859442988426764,0.8861367728331947,1.0
664,True,True,0.8859964854997623,0.8860945241213039,1.0
665,True,True,0.8860605006134497,0.8860736602977621,1.0
666,False,True,0.886060147703529,0.8860719914194103,1.0
667,False,True,0.8860768874241941,0.8860875467684872,1.0
668,False,True,0.8861089595188449,0.8861185529287088,1.0
669,True,True,0.886154779984871,0.8861634140537484,1.0
670,False,True,0.8862129234468906,0.8862206941088804,1.0
671,False,True,0.8862821072926778,0.8862891008884686,1.0
672,False,True,0.8863611773955051,0.8863674716317168,1.0
673,False,True,0.8864490952642632,0.8863805761005926,1.0
674,False,True,0.8865449264785776,0.8864091851572,1.0
675,False,True,0.886647830280424,0.8864516985941427,1.0
676,False,True,0.8867570502065915,0.8864328212014936,1.0
677,False,True,0.8868719056579087,0.8864326069279519,1.0
678,False,True,0.8869917843115582,0.8864491400495897,1.0
679,False,True,0.8871161352921672,0.886480696632866,1.0
680,True,False,0.887171041586739,0.8864523039152477,1.0
681,False,True,0.88716361484742,0.8864434371600866,1.0
682,False,True,0.8871734612689739,0.8864520949082069,1.0
683,False,True,0.887198805200556,0.8864033766454564,1.0
684,True,True,0.8872380487680916,0.8863761776670422,1.0
685,True,True,0.8872897540953641,0.8863682975096675,1.0
686,False,True,0.8872798470992194,0.8863777559683077,1.0
687,False,True,0.8872873275055765,0.8864027710691514,1.0
688,False,True,0.8873104089785312,0.8864417392452552,1.0
689,False,True,0.8873474840227071,0.8864932174946427,1.0
690,False,True,0.8873971060980052,0.8865559073226025,1.0
691,False,True,0.8874579735228868,0.8866286402897642,1.0
692,False,True,0.8875289149873369,0.8867103650053766,1.0
693,False,True,0.8876088765145398,0.8867280893117554,1.0
694,False,True,0.8876969097263951,0.8867603163518029,1.0
695,False,True,0.8877921612824913,0.8868055490844388,1.0
696,False,True,0.887893863375189,0.8868624403739863,1.0
697,True,True,0.888001325175206,0.8869297779984788,1.0
698,False,True,0.8880423943744236,0.8870064711571432,1.0
699,True,True,0.8880952977941241,0.8870915383271432,1.0
700,True,False,0.88808747985494,0.8871127696584803,1.0
701,False,True,0.8880251706158847,0.887147931439071,1.0
702,False,True,0.8879851002114797,0.8871955849523474,1.0
703,True,True,0.8879649992812408,0.8872544355480217,1.0
704,False,True,0.8878919036084358,0.8873233182343543,1.0
705,False,True,0.8878420900181305,0.8874011847112022,1.0
706,True,True,0.8878131851181562,0.8874163703419208,1.0
707,False,True,0.887732431578092,0.8874459197484067,1.0
708,False,True,0.8876756905359386,0.887488351750999,1.0
709,True,True,0.887640515848542,0.8875423334773076,1.0
710,True,False,0.8875543826884416,0.8875363420423757,1.0
711,False,True,0.8874225399252154,0.8875467527819585,1.0
712,True,True,0.8873198371248396,0.8875017549231176,1.0
713,False,True,0.8871732875860252,0.8874770696268842,1.0
714,False,True,0.8870573574288213,0.8874706214054545,1.0
715,True,True,0.8869689401216934,0.887410710102898,1.0
716,False,False,0.8868355049658699,0.8873028329559275,1.0
717,False,True,0.8867313416559125,0.8872215747299727,1.0
718,False,True,0.8866534787003353,0.8871642294961966,1.0
719,True,True,0.8865992419414128,0.8871283621021324,1.0
720,True,False,0.88649687669318,0.8870424329654283,1.0
721,False,True,0.8863513441485157,0.8869808489486639,1.0
722,True,True,0.8862362650586987,0.8868719756720548,1.0
723,True,True,0.8861485501550388,0.88678975048054,1.0
724,False,True,0.8860164537602246,0.8867314650876584,1.0
725,False,True,0.8859134309737339,0.8866258116918403,1.0
726,False,True,0.8858365307924541,0.8865464492296714,1.0
727,False,True,0.8857830974934284,0.8864907054056054,1.0
728,False,True,0.8857507411048539,0.8864561753314373,1.0
729,True,True,0.885737310829985,0.886440694784595,1.0
730,True,False,0.8856724716758511,0.8863739166878044,1.0
731,True,True,0.8856298146722004,0.8862611151829585,1.0
732,False,True,0.8855388659471359,0.8861752492308291,1.0
733,False,True,0.885472717772041,0.8861135826183729,1.0
734,False,True,0.8854288473553811,0.8860736529279643,1.0
735,True,True,0.8854049843589734,0.8860532441569069,1.0
736,True,True,0.8853990856517058,0.8860503620750019,1.0
737,True,True,0.8854093125878902,0.8859954613688568,1.0
738,False,True,0.8853663515591418,0.8859615444606584,1.0
739,False,True,0.8853432299167412,0.8859464710956737,1.0
740,False,True,0.8853379217698715,0.8859483152141765,1.0
741,True,True,0.8853486039864154,0.8858979580862898,1.0
742,False,True,0.8853063411651627,0.8858680546060593,1.0
743,False,True,0.8852837715647754,0.8858565179626577,1.0
744,False,True,0.8852788843411838,0.8858614701932377,1.0
745,False,True,0.8852898699017036,0.8858812212972383,1.0
746,False,True,0.8853150997790031,0.8859142504392683,1.0
747,False,True,0.8853531085176805,0.8859591890317051,1.0
748,False,True,0.8854025773721874,0.886014805509042,1.0
749,True,True,0.8854623196349687,0.8860799916248044,1.0
750,False,True,0.8855312674317914,0.8861537501187821,1.0
751,False,True,0.8856084598375484,0.8862351836175422,1.0
752,True,True,0.8856930321804869,0.8862570835824812,1.0
753,True,True,0.8857178934186717,0.8862918526778141,1.0
754,False,True,0.8856891504344204,0.8863381640987744,1.0
755,False,True,0.8856784364491794,0.8863948238793732,1.0
756,True,True,0.8856839085242088,0.8864607576076843,1.0
757,False,True,0.8856379451124211,0.8865349984696071,1.0
758,False,True,0.8856117000082937,0.8866166764882591,1.0
759,False,True,0.8856031615864117,0.8867050088394333,1.0
760,True,False,0.8855448165184407,0.8867335881131772,1.0
761,False,True,0.8854417784361505,0.8867741400630144,1.0
762,False,True,0.8853641798848029,0.8868254285468833,1.0
763,False,True,0.8853094372889928,0.8868208961633991,1.0
764,False,True,0.8852752255862374,0.8868316170045755,1.0
765,False,True,0.8852594523748721,0.8868560271056846,1.0
766,False,True,0.8852602346471632,0.8868275300013743,1.0
767,True,True,0.8852758778491137,0.8868166520012368,1.0
768,False,True,0.8852398375284416,0.8868215927829077,1.0
769,False,True,0.885222347282091,0.8868407322059157,1.0
770,False,True,0.8852215133320921,0.8868726122927172,1.0
771,False,True,0.8852356314289347,0.886915921011632,1.0
772,False,True,0.8852631678979429,0.8869694776814908,1.0
773,False,True,0.8853027425810168,0.8869676203526182,1.0
774,False,True,0.8853531134842054,0.8869160196076791,1.0
775,False,True,0.8854131629605272,0.8868197784716535,1.0
776,False,True,0.8854818852745131,0.8866834891701767,1.0
777,True,True,0.8855583754103009,0.886575551564213,1.0
778,False,True,0.8855776341465494,0.8864930926850703,1.0
779,False,True,0.8856096143216381,0.8864335270063068,1.0
780,False,True,0.8856530062825602,0.886394527698762,1.0
781,True,True,0.8857066314855062,0.8863100621411621,1.0
782,False,True,0.8857055724238011,0.8862486600138914,1.0
783,False,True,0.8857191988548905,0.8862079776859717,1.0
784,True,True,0.8857460050840511,0.8861859060320243,1.0
785,False,True,0.8857210228962568,0.8861805469809847,1.0
786,True,True,0.8857130883321711,0.8861266600084263,1.0
787,False,True,0.88565700792535,0.8860926742106294,1.0
788,False,True,0.8856210916702041,0.8860765626831026,1.0
789,True,True,0.8856032863006521,0.8860765013515013,1.0
790,True,False,0.8855385328918258,0.886027637562748,1.0
791,True,True,0.8854947806127443,0.8859349748165743,1.0
792,True,True,0.8854698927154043,0.8858030157964554,1.0
793,True,True,0.8854619462650226,0.8856358124535857,1.0
794,True,True,0.8854692107580172,0.885437011082441,1.0
795,True,True,0.8854901288781953,0.8852098928887698,1.0
796,True,True,0.885523299177327,0.8849574105007711,1.0
797,True,True,0.8855674604876644,0.8847448774707443,1.0
798,False,True,0.8855588996704374,0.8845682620640953,1.0
799,True,True,0.8855655097033936,0.8843614358576859,1.0
800,False,True,0.8855857377592715,0.8841899614354629,1.0
801,True,True,0.8856181864272347,0.8839879228979016,1.0
802,True,True,0.8856615981705634,0.8837584954898051,1.0
803,False,True,0.8856526522838555,0.8835667255428147,1.0
804,False,True,0.8856588156268985,0.8834088107525083,1.0
805,False,True,0.8856785420046553,0.8832813291809796,1.0
806,False,True,0.8857104399727153,0.8831812012195112,1.0
807,True,True,0.8857532573615823,0.8831056553549859,1.0
808,False,True,0.8857440626513821,0.8830521973596603,1.0
809,False,True,0.8857499032998241,0.8830185825619659,1.0
810,False,True,0.8857692409599773,0.8830027908902329,1.0
811,False,True,0.8858006912482161,0.8830030044120472,1.0
812,False,True,0.8858430083472567,0.8830175871196739,1.0
813,True,True,0.8858950711488947,0.8830450667369449,1.0
814,False,True,0.88589452108922,0.8830841183454591,1.0
815,True,True,0.8859080101567686,0.8831335496481681,1.0
816,False,True,0.8858729006955592,0.8831922877066072,1.0
817,False,True,0.8858552927775926,0.8832593670044062,1.0
818,False,True,0.885853402083472,0.883333918704454,1.0
819,False,True,0.8858656228507346,0.88341516098035,1.0
820,True,False,0.8858296086777195,0.8834414889748851,1.0
821,False,True,0.8857502974449841,0.8834793352112165,1.0
822,False,True,0.8856928861695016,0.8835275134762431,1.0
823,False,True,0.8856551509506098,0.8835849563033761,1.0
824,False,True,0.8856350904010034,0.8836507030972809,1.0
825,False,True,0.8856309033948013,0.8836633567584972,1.0
826,False,True,0.885640969040811,0.8836887985917163,1.0
827,True,True,0.885663828658469,0.883725715833994,1.0
828,False,True,0.8856378559253122,0.8837729271215233,1.0
829,False,True,0.8856282872002509,0.88382936934913,1.0
830,True,False,0.8855732803815495,0.8838339173720992,1.0
831,False,True,0.885477490804933,0.8838519679425816,1.0
832,False,True,0.8854051318805022,0.883882137294782,1.0
833,False,True,0.8853538273255455,0.8838632281216589,1.0
834,True,True,0.8853214386049669,0.8838601388424272,1.0
835,True,False,0.8852462325435133,0.8838114455323471,1.0
836,False,True,0.8851326009259601,0.8837815554593993,1.0
837,False,True,0.8850441618357507,0.8837685550447243,1.0
838,False,True,0.8849783630538444,0.8837707221862591,1.0
839,True,True,0.8849329077008409,0.8837865071104903,1.0
840,False,True,0.8849057287024572,0.8838145151390371,1.0
841,False,True,0.8848949658084585,0.8838534911785776,1.0
842,False,True,0.8848989449097004,0.8839023057617874,1.0
843,False,True,0.8849161594234698,0.8839007007780258,1.0
844,False,True,0.8849452535402944,0.8838538259664955,1.0
845,False,True,0.8849850071460759,0.8838254173651179,1.0
846,False,True,0.8850343222520114,0.8837545639402945,1.0
847,True,True,0.8850922107815273,0.8837045792443783,1.0
848,False,True,0.8850988907634453,0.8836733439347815,1.0
849,True,True,0.8851184134518066,0.883658950717774,1.0
850,False,True,0.8851494628234298,0.8836596831430589,1.0
851,False,True,0.8851908545692558,0.8836739965188939,1.0
852,True,True,0.8852415229224123,0.8836418840885755,1.0
853,False,False,0.8852419607941056,0.8835680938061816,1.0
854,False,True,0.8852557764106015,0.8835153779928149,1.0
855,False,True,0.8852816006387002,0.8834815972028791,1.0
856,False,True,0.8853182013682959,0.8834064829901759,1.0
857,False,True,0.8853644698095549,0.8833525479778717,1.0
858,False,True,0.8854194081603806,0.8833176424233907,1.0
859,False,True,0.8854821185071332,0.8832998316694238,1.0
860,False,True,0.8855517928352817,0.8832973746348856,1.0
861,False,True,0.8856277040389926,0.8833087044567799,1.0
862,False,True,0.8857091978297631,0.8833324110678806,1.0
863,True,True,0.8857956854541942,0.8833672255166481,1.0
864,False,True,0.8858288336717806,0.8834120058551568,1.0
865,False,True,0.8858718163554109,0.8834079877176781,1.0
866,False,True,0.8859236197256369,0.883417823317306,1.0
867,False,True,0.8859833314857921,0.8833824925984786,1.0
868,True,True,0.8860501306732314,0.8833641512787919,1.0
869,False,True,0.8860658072610806,0.8833610694842461,1.0
870,False,True,0.8860929808403687,0.8833716904347881,1.0
871,False,True,0.8861304717471575,0.8833946131344287,1.0
872,False,True,0.8861772183868748,0.883428576792349,1.0
873,False,True,0.8862322654269059,0.883415238563915,1.0
874,False,True,0.8862947531699296,0.8834165718503807,1.0
875,False,True,0.8863639079899229,0.8834310790489043,1.0
876,True,True,0.886439033724568,0.8834574124210948,1.0
877,False,True,0.8864625563202206,0.8834943591060924,1.0
878,False,True,0.8864966192319984,0.8835408276323433,1.0
879,True,True,0.8865401391269805,0.8835958357781999,1.0
880,False,True,0.8865921411053154,0.883658499646464,1.0
881,False,True,0.8866517478564618,0.8837280238314775,1.0
882,False,True,0.8867181698998078,0.8838036925695076,1.0
883,False,True,0.8867906968012298,0.8838283006881226,1.0
884,False,True,0.8868686892679996,0.8838070525402143,1.0
885,True,True,0.8869515720342019,0.88380106511915,1.0
886,False,True,0.886982457671819,0.8838087827335034,1.0
887,False,True,0.8870229506433759,0.883828805361054,1.0
888,False,True,0.887072061653279,0.8838598730814166,1.0
889,False,True,0.8871289004317713,0.8839008520654098,1.0
890,False,True,0.8871926658319164,0.8839507219654905,1.0
891,False,True,0.8872626369168861,0.8840085645671477,1.0
892,False,True,0.8873381649385235,0.8840735535751586,1.0
893,False,True,0.8874186661180492,0.8840890170095891,1.0
894,False,True,0.8875036151487024,0.8840600035767866,1.0
895,True,True,0.8875925393481179,0.8840468603619651,1.0
896,False,True,0.8876292720353797,0.8840479714272179,1.0
897,False,True,0.8876748080835121,0.8840618825250307,1.0
898,True,True,0.8877282393997438,0.8840316675761984,1.0
899,True,True,0.8877887487931028,0.883961834151912,1.0
900,False,True,0.8878556008838259,0.8839119326457108,1.0
901,False,True,0.8879281339218291,0.8838799411549757,1.0
902,False,True,0.8880057524233339,0.883864040062734,1.0
903,False,True,0.8880879205438323,0.8838072820741597,1.0
904,False,True,0.8881741561137586,0.8837690953032079,1.0
905,False,True,0.8882640252705948,0.8837475941614081,1.0
906,False,True,0.8883571376277691,0.8837410817132938,1.0
907,False,True,0.8884531419266662,0.8837480308106869,1.0
908,True,True,0.8885517221234386,0.8837670671135566,1.0
909,False,True,0.8885976488121936,0.8837969538087943,1.0
910,False,True,0.8886511660385483,0.8838365778571136,1.0
911,False,True,0.8887114880311848,0.8838849376152619,1.0
912,True,True,0.8887779076837071,0.8838863671834181,1.0
913,True,True,0.8888497886877653,0.8839003562856452,1.0
914,False,True,0.8888719136441254,0.8839256212035288,1.0
915,False,True,0.888903936253512,0.8839610066814292,1.0
916,False,True,0.8889448403380845,0.8840054730798076,1.0
917,False,True,0.8889937114241018,0.8840580848132211,1.0
918,True,True,0.8890497265711366,0.8841179999445214,1.0
919,False,True,0.8890577973922839,0.8841844608196345,1.0
920,False,True,0.8890770990862802,0.8842567856388655,1.0
921,False,True,0.8891064824531403,0.8843343608710744,1.0
922,False,True,0.8891449132977505,0.8844166344264373,1.0
923,False,True,0.8891914609290144,0.8845031095119321,1.0
924,False,True,0.889245287809086,0.8845392850472255,1.0
925,False,True,0.8893056402376806,0.884584276628896,1.0
926,False,True,0.8893718399679578,0.8846371758268479,1.0
927,True,True,0.8894432766608172,0.8846971651407148,1.0
928,False,True,0.8894655797805266,0.8847635089065142,1.0
929,False,True,0.88949751642613,0.8848355451126371,1.0
930,True,False,0.8894843920660089,0.8848589723414378,1.0
931,False,True,0.8894308026448158,0.8848923884120151,1.0
932,True,True,0.8893944747919097,0.8848811774379091,1.0
933,False,True,0.8893201236724618,0.8848834237198142,1.0
934,False,True,0.8892651166528093,0.8848977551446242,1.0
935,False,True,0.8892274938764173,0.8849229368951191,1.0
936,True,True,0.8892054915538771,0.8849578577200149,1.0
937,False,True,0.8891442174517943,0.8850015175770113,1.0
938,True,True,0.8891009352167321,0.8849997683752208,1.0
939,True,True,0.8890738204184631,0.8849572383462093,1.0
940,True,False,0.8890080961874562,0.8848780926199837,1.0
941,True,True,0.8889607897534241,0.8847660795363292,1.0
942,False,True,0.8888770119445717,0.8846775945943612,1.0
943,False,True,0.8888134632924874,0.8846102588637388,1.0
944,False,True,0.8887680957992176,0.8845619313900633,1.0
945,False,True,0.8887390663461457,0.8845306853969344,1.0
946,False,True,0.8887247162057234,0.8845147868678007,1.0
947,False,True,0.8887235526020287,0.8845126752696283,1.0
948,False,True,0.8887342321152716,0.8845229462042039,1.0
949,True,True,0.8887555457458497,0.8844917042153625,1.0
950,True,False,0.8887338292364593,0.884423185739147,1.0
951,False,True,0.8886734715228974,0.8843737243080895,1.0
952,False,True,0.8886308882740704,0.8843413886034085,1.0
953,False,True,0.8886042774340848,0.8842720296172816,1.0
954,True,True,0.8885920172299434,0.8842217900063388,1.0
955,False,False,0.8885403468877022,0.884136431089387,1.0
956,True,True,0.8885055389491933,0.8840717952949728,1.0
957,True,True,0.888485882757823,0.884025784867772,1.0
958,False,True,0.8884277011556592,0.883996511907585,1.0
959,False,True,0.8883870143734267,0.8839822773834932,1.0
960,False,True,0.8883620486280717,0.8839815522466008,1.0
961,True,True,0.8883512075906284,0.883940985379529,1.0
962,False,True,0.8883011335605375,0.8839165649308804,1.0
963,True,True,0.8882677007024091,0.8839066511763817,1.0
964,False,False,0.8881974073161061,0.8838579549706607,1.0
965,False,True,0.8881457825265244,0.8838261967406753,1.0
966,True,True,0.8881109354010696,0.883757951420279,1.0
967,False,True,0.8880395112824502,0.8837086025592429,1.0
968,True,True,0.8879868501438852,0.8836762355953723,1.0
969,False,True,0.8878995053356823,0.8836591274997527,1.0
970,False,True,0.8878325208165322,0.8836557276231038,1.0
971,True,True,0.8877838366361136,0.8836132001282831,1.0
972,False,True,0.8877002114514334,0.8835869263641702,1.0
973,True,True,0.8876365558093702,0.8835752563150222,1.0
974,True,True,0.8875908489463818,0.8835767050424943,1.0
975,False,True,0.8875100427402683,0.8835899361775892,1.0
976,False,True,0.8874489054058525,0.8836137470634127,1.0
977,False,True,0.8874054463581098,0.8836470553836564,1.0
978,True,True,0.8873778741431364,0.8836378146052499,1.0
979,True,False,0.8873135561165779,0.8835903596753373,1.0
980,False,True,0.88726721579544,0.8835595602011777,1.0
981,True,True,0.8872370318941037,0.8834928098837076,1.0
982,False,True,0.887170500627379,0.8834446479187347,1.0
983,True,True,0.8871221497516331,0.8834131912569425,1.0
984,False,True,0.8870393764008353,0.883396745227695,1.0
985,False,True,0.8869764123915834,0.8833430747617206,1.0
986,False,True,0.8869312534219287,0.8832559810646773,1.0
987,False,True,0.8869020956910718,0.8831894922699505,1.0
988,False,True,0.8868873158489616,0.8831415238316309,1.0
989,True,True,0.8868854529509342,0.8831101997312961,1.0
990,False,True,0.8868951922168903,0.8830938316249677,1.0
991,False,True,0.8869153504145562,0.8830909000753742,1.0
992,False,True,0.8869448627044199,0.8831000376609889,1.0
993,False,True,0.8869827708001751,0.8830697119633004,1.0
994,False,True,0.8870282123131223,0.8830541980534026,1.0
995,False,True,0.8870804111621314,0.883051991099468,1.0
996,True,True,0.8871386689426084,0.8830617368240247,1.0
997,True,True,0.887202357158568,0.8830822164482355,1.0
998,True,True,0.8872709102315001,0.8830622830917002,1.0
999,True,False,0.88729381920835,0.8830060547825302,1.0
